Patient Catagory,Passive Q RMSE_1,Passive Q RMSE_2,Passive Q RMSE_3,Passive Q CorrCoeff_1,Passive Q CorrCoeff_2,Passive Q CorrCoeff_3,Vp-Ve_1,Vp-Ve_2,Vp-Ve_3
Y,0.0699941094534652,0.131223651897064,0.152204665291572,0.723080827423699,0.859821413880024,0.942873750371672,-0.312805281425854,-0.255989071948126,-0.236051135949267
O,0.108500227610499,0.156801492647674,0.177761633700353,0.534087785562251,0.762255436599687,0.886788706403725,-0.312729386674926,-0.258520806045159,-0.240410544904202
N,0.124308977191769,0.166076417575907,0.229526398855446,0.488514766111912,0.693508082020516,0.818484441999262,-0.379500091923446,-0.276051057675586,-0.2373778558519
F,0.145102824256298,0.180216407333091,0.249310281424363,0.125054387017533,0.276345464538799,0.571175978696419,-0.299045540099463,-0.26655403451048,-0.209402505126299
