Patient Catagory,R1insp MED [IQR],mean R2Phi MED [IQR],E MED [IQR],Peff_min MED [IQR],WOB_Peff MED [IQR],WOB_r MED [IQR],WOB_e MED [IQR],VT MED [IQR]_1,VT MED [IQR]_2,VT MED [IQR]_3,RMSE R1insp_1,RMSE R1insp_2,RMSE R1insp_3
Y,1.3 [1.1-1.6],1.9 [1.6-2.8],3.6 [2.9-4.9],-3.6 [-4.5--2.8],-88.8 [-108.2--61.5],0.7 [0.5-0.9],1.2 [1-1.6],0.34183251362975,0.7944747096945,1.26927199832675,0.247631404638626,0.303382580867933,0.387839102311436
O,1.8 [1.2-2.2],2.4 [1.4-3.5],4.5 [2.4-6.3],-4.1 [-5.9--2.6],-95.6 [-145--69.6],0.9 [0.6-1.4],1.5 [0.9-2.4],0.27545566146775,0.678860718159,1.0891817214545,0.273097367048099,0.324397469894308,0.410032457515249
N,3 [2.7-3.6],4.9 [3.9-6.6],8 [5.3-11.5],-8.4 [-12.9--5.9],-306.9 [-382.9--156.9],2.3 [1.2-3.3],3.9 [2-5.3],0.38618041405025,0.927344853754,1.515362573783,0.438243992176409,0.593032937174138,1.17671344537396
F,5.9 [4.6-7.9],13.5 [10.4-21.9],18.9 [12.9-25.9],-17.7 [-23.2--14],-445.9 [-584.9--356.7],3.7 [2.9-5.4],5.8 [4.1-7.3],0.30019446813825,0.66131834551475,1.071512248494,1.41197364036819,1.85371954959677,2.9394387028229
